<?xml version="1.0" encoding="UTF-8"?>
<beans
    xmlns="http://www.springframework.org/schema/beans"
    xmlns:xsi="http://www.w3.org/2001/XMLSchema-instance"
    xmlns:mvc="http://www.springframework.org/schema/mvc"
    xsi:schemaLocation="
        http://www.springframework.org/schema/beans
        http://www.springframework.org/schema/beans/spring-beans-3.0.xsd
        http://www.springframework.org/schema/mvc
        http://www.springframework.org/schema/mvc/spring-mvc-3.0.xsd">

    <import resource="snippet.xml"/>

    <!-- Configures the @Controller programming model -->
    <!--  
    <mvc:annotation-driven/>
    <bean class="com.astamuse.asta4d.misc.spring.mvc.controller.GenericController"/>

    <mvc:interceptors>
        <bean class="com.astamuse.asta4d.misc.spring.mvc.Asta4dTemplateContextInitializer" />
    </mvc:interceptors>
    
    <mvc:resources mapping="/css/**" location="/css/" order="-100"/>
    <mvc:resources mapping="/js/**" location="/js/" order="-100"/>

	-->
	
    <bean id="asta4dConfiguration" class="com.astamuse.asta4d.web.WebApplicationConfiguration">
        <property name="cacheEnable" value="false"/>
        <property name="snippetResolver">
            <bean class="com.astamuse.asta4d.misc.spring.SpringManagedSnippetResolver"/>
        </property>
        <property name="pageInterceptorList">
            <list>
                <bean class="com.astamuse.asta4d.sample.interceptor.SamplePageInterceptor"/>
            </list>
        </property>
        <property name="snippetInvoker" ref="snippetInvoker"/>
        <property name="snippetExecutorFactory">
            <bean class="com.astamuse.asta4d.util.concurrent.DefaultExecutorServiceFactory">
                <constructor-arg index="0"><value>asta4d-sample-snippet</value></constructor-arg>
                <constructor-arg index="1"><value>100</value></constructor-arg>
            </bean>
        </property>
        <property name="listExecutorFactory">
            <bean class="com.astamuse.asta4d.util.concurrent.DefaultExecutorServiceFactory">
                <constructor-arg index="0"><value>asta4d-sample-snippet</value></constructor-arg>
                <constructor-arg index="1"><value>200</value></constructor-arg>
            </bean>
        </property>
        <property name="urlMappingRuleInitializer">
            <bean class="com.astamuse.asta4d.sample.UrlRules"/>
        </property>
    </bean>

    <bean id="snippetInvoker" class="com.astamuse.asta4d.snippet.DefaultSnippetInvoker">
        <property name="snippetInterceptorList">
            <list>
                <bean class="com.astamuse.asta4d.sample.interceptor.SampleSnippetInterceptor"/>
            </list>
        </property>
    </bean>
</beans>
